the,5108
and,3000
he,2212
of,2175
to,1755
was,1732
his,1581
a,1441
in,1212
him,980
it,910
that,849
had,818
with,640
white,639
but,543
fang,526
at,500
on,476
for,449
not,437
as,386
were,378
they,343
by,330
all,312
her,307
from,303
this,294
when,279
there,273
one,268
them,255
no,241
out,240
an,222
upon,222
did,220
into,215
dogs,213
down,205
she,203
their,188
up,188
then,186
be,180
time,178
more,176
came,171
so,170
been,168
away,166
back,163
would,150
grey,149
other,146
you,146
could,144
himself,140
its,140
dog,136
life,132
over,130
before,126
now,125
i,125
than,122
made,118
never,118
went,117
about,117
gods,116
fangs,115
again,113
which,113
while,110
way,110
man,109
knew,109
teeth,109
scott,105
meat,105
hand,104
after,104
first,103
or,102
men,101
have,101
like,98
what,98
henry,96
beaver,95
only,93
wolf,93
feet,90
eyes,89
too,87
beauty,86
head,84
things,83
master,81
is,81
long,79
side,78
still,78
who,78
bill,77
matt,77
know,77
through,77
come,76
smith,74
day,73
god,73
looked,73
yet,72
two,72
own,71
cub,70
said,70
such,69
wild,69
mother,69
right,68
fear,67
learned,67
moment,66
even,66
snow,65
body,65
off,65
being,65
little,64
against,64
pack,63
any,63
every,63
get,63
always,63
go,62
saw,62
though,62
between,62
got,60
eye,59
turned,58
camp,58
around,58
great,58
nor,58
might,58
here,58
old,57
ran,57
end,56
shewolf,56
fire,56
began,55
world,55
much,55
without,55
under,54
face,54
nothing,54
thing,54
same,54
ever,54
days,53
strange,53
hurt,53
these,53
some,52
took,52
very,52
air,52
see,51
another,51
kind,50
throat,50
alone,49
well,49
law,48
lay,48
left,48
weedon,47
many,47
light,47
if,46
snarl,46
once,46
sled,46
night,46
times,45
until,45
gone,44
liplip,44
along,44
gave,44
do,44
stood,44
where,43
masters,43
toward,43
wolves,43
neck,43
fight,43
itself,42
behind,42
last,42
each,41
half,41
just,40
live,40
nose,40
must,40
became,40
sprang,40
ears,40
something,40
three,40
young,40
open,39
found,38
run,38
across,38
circle,37
snarling,37
kiche,37
trail,37
running,37
movement,37
also,37
nature,37
slowly,36
sight,36
sharp,36
snarled,36
shoulder,36
me,35
hands,34
animal,34
near,34
mouth,34
look,34
make,34
give,34
hair,34
how,33
power,33
far,33
tried,33
seemed,33
together,33
several,32
unknown,32
felt,32
will,32
club,32
close,32
remained,32
m,31
new,31
themselves,31
followed,31
wall,30
growl,30
most,30
terrible,30
love,30
part,30
cry,30
kept,29
flesh,29
good,29
experience,29
sat,29
passed,29
held,29
dead,28
instinct,28
fought,28
take,28
grip,28
become,28
suddenly,28
received,28
cave,28
watched,28
tail,28
ear,28
stick,28
thus,27
leaped,27
forward,27
bristling,27
judge,27
ground,27
quickly,27
lived,27
inside,27
trees,27
coming,27
happened,27
mananimals,26
door,26
above,26
grew,26
small,26
spring,26
rush,26
continued,26
distance,26
among,26
cherokee,26
fighting,26
whole,26
later,26
ill,26
voice,26
making,25
lynx,25
because,25
dont,25
longer,25
chapter,25
chance,25
struck,25
waited,25
mitsah,24
jaws,24
hours,24
mind,24
few,24
already,24
next,24
given,24
sound,24
full,24
beavers,24
learn,24
stopped,24
softly,24
bristled,23
known,23
greater,23
let,23
walked,23
heard,23
fort,23
father,23
eat,23
ate,23
ceased,23
put,23
dogmusher,23
food,23
hold,23
seen,23
stream,23
aint,23
ways,23
second,22
cabin,22
ptarmigan,22
moved,22
outside,22
both,22
beyond,22
act,22
taken,22
cries,22
worked,22
enough,22
often,22
eaten,22
leader,22
growled,22
your,22
place,22
quite,22
hes,22
soft,22
hunger,22
earth,21
warning,21
front,21
large,21
blow,21
sleep,21
animals,21
anything,21
silence,21
leap,21
keep,21
darkness,21
closed,21
ferocious,21
started,21
tied,21
hungry,21
different,20
died,20
beginning,20
im,20
thought,20
legs,20
puppy,20
are,20
caught,20
short,20
cried,20
almost,20
arose,20
find,19
answered,19
past,19
growling,19
my,19
laughed,19
six,19
fled,19
clear,19
punishment,19
turn,19
drew,19
blood,19
whip,19
rushed,19
sure,19
crouched,19
bank,19
mans,19
going,19
instant,19
attack,19
crawled,19
should,19
lair,18
children,18
slept,18
village,18
sun,18
called,18
sometimes,18
angry,18
weak,18
feeling,18
wide,18
better,18
amongst,18
work,18
porcupine,18
within,18
touched,18
forest,18
early,18
tongue,18
thrust,18
backward,18
mackenzie,18
less,17
hated,17
say,17
done,17
fish,17
collie,17
home,17
hall,17
thats,17
lost,17
encountered,17
trotted,17
order,17
strength,17
carriage,17
death,17
morning,17
lips,17
team,17
trying,17
merely,17
trouble,17
waiting,17
famine,17
land,17
alive,17
battle,17
rolled,16
hard,16
matter,16
space,16
closer,16
jim,16
game,16
pain,16
strong,16
we,16
kill,16
either,16
can,16
lifted,16
wise,16
rage,16
increased,16
discovered,16
effort,16
driven,16
grown,16
foot,16
length,16
snap,16
spirit,16
killed,16
cubs,16
laughter,16
savage,16
savagely,16
hell,16
true,16
broken,16
expression,16
point,15
standing,15
terror,15
water,15
surprise,15
stones,15
rest,15
asked,15
cut,15
lie,15
start,15
desire,15
forgotten,15
manner,15
woods,15
bit,15
frozen,15
need,15
anger,15
river,15
beating,15
compelled,15
reason,15
shoulders,15
fright,15
living,15
mate,15
quick,15
slashed,15
protection,15
growing,15
puppies,15
sank,15
besides,15
understand,15
experienced,14
mothers,14
drive,14
loose,14
nodded,14
boy,14
tepee,14
em,14
low,14
hostile,14
forth,14
bed,14
wrath,14
whimpering,14
return,14
leave,14
rabbit,14
lovemaster,14
announced,14
dozen,14
note,14
hunting,14
fell,14
edge,14
free,14
course,14
approached,14
youre,14
noise,14
minutes,14
licked,14
cautiously,14
ready,14
thong,14
led,14
indian,14
lean,14
opened,14
ripped,14
till,14
bad,13
enemy,13
doing,13
house,13
served,13
flame,13
movements,13
warm,13
lying,13
whose,13
tell,13
looking,13
big,13
hear,13
betrayed,13
those,13
carried,13
sticks,13
theyre,13
midst,13
forgot,13
gently,13
cunning,13
weasel,13
afraid,13
creatures,13
sounds,13
disappeared,13
shot,13
effect,13
prepared,13
goin,13
danger,13
likewise,13
vision,13
accepted,13
rising,13
paw,13
mastery,13
third,13
muzzle,13
watching,13
play,13
crouching,13
has,13
women,13
five,13
paused,13
breath,12
hour,12
clay,12
piece,12
drove,12
rear,12
retreat,12
shook,12
fur,12
entered,12
obeyed,12
entrance,12
keeping,12
growth,12
mad,12
high,12
shorter,12
torn,12
demanded,12
heels,12
arms,12
steps,12
scarcely,12
swiftly,12
crowd,12
action,12
meet,12
word,12
guard,12
yukon,12
form,12
bent,12
learning,12
rifle,12
indians,12
escape,12
blankets,12
nevertheless,12
blows,12
spoke,12
wont,12
possessed,12
carefully,12
best,12
none,12
four,12
dragged,12
name,12
months,11
reached,11
arrived,11
lesson,11
clung,11
thousand,11
fires,11
fall,11
narrow,11
fresh,11
vista,11
southland,11
travelled,11
touch,11
moulded,11
wood,11
stepped,11
remembered,11
flung,11
jes,11
permitted,11
brought,11
aroused,11
turning,11
brain,11
others,11
proceeded,11
think,11
leather,11
persecution,11
cold,11
top,11
difference,11
wait,11
broke,11
why,11
feel,11
struggled,11
existence,11
us,11
pursuit,11
step,11
family,11
natural,11
rose,11
pointed,11
during,11
years,11
stop,10
weight,10
theres,10
pulled,10
haunches,10
opportunity,10
telling,10
money,10
told,10
possession,10
flash,10
met,10
happening,10
stand,10
fifty,10
bulldog,10
silently,10
backed,10
faced,10
bite,10
knowledge,10
moose,10
move,10
pen,10
belonged,10
hawk,10
rise,10
rope,10
bound,10
fights,10
change,10
fingers,10
speech,10
descended,10
human,10
set,10
dim,10
avoid,10
eating,10
certain,10
whats,10
chase,10
companionship,10
save,10
country,10
squirrel,10
fact,10
spruce,10
northland,10
frightened,10
eager,10
creature,10
year,10
sierra,10
presence,10
method,10
meantime,10
instead,10
dropped,10
faster,10
dick,10
beaten,9
laugh,9
outcry,9
returned,9
surface,9
tree,9
closely,9
exception,9
tepees,9
happen,9
suspicious,9
puppyhood,9
getting,9
heavy,9
daylight,9
remote,9
apart,9
dark,9
fierce,9
showed,9
denied,9
talked,9
deep,9
fool,9
round,9
cruel,9
show,9
property,9
scotts,9
track,9
litter,9
bondage,9
smelled,9
used,9
didnt,9
urged,9
impulse,9
allowed,9
son,9
development,9
covered,9
refused,9
mental,9
canoe,9
slash,9
striking,9
permit,9
bodies,9
stronger,9
harness,9
since,9
painful,9
gleaming,9
finally,9
having,9
missed,9
superior,9
wistfulness,9
theirs,9
yes,9
obedience,9
single,9
hatred,9
furthermore,9
excited,9
solitary,9
baseek,9
straight,9
walls,9
appeared,9
summer,9
expected,9
surged,9
ignored,9
curious,9
studied,9
upward,9
strove,9
environment,9
weakness,9
howling,9
deadly,9
quiet,9
tender,9
hunted,9
break,9
huge,9
smiths,9
vengeance,9
noises,9
temper,8
dignity,8
quills,8
calling,8
rushing,8
leaping,8
wrong,8
beside,8
sudden,8
fiercely,8
damn,8
sent,8
intelligence,8
smell,8
usually,8
suffered,8
sitting,8
delight,8
purpose,8
faint,8
beneath,8
ashore,8
wisht,8
terribly,8
base,8
call,8
pair,8
joined,8
perhaps,8
shadow,8
drawn,8
born,8
holding,8
klookooch,8
shelter,8
laid,8
trick,8
elder,8
sky,8
accompanied,8
san,8
evil,8
gained,8
justice,8
else,8
wisdom,8
position,8
oclock,8
weve,8
otherwise,8
slid,8
finished,8
rubbed,8
regarded,8
insistent,8
porch,8
ball,8
corner,8
struggling,8
attacked,8
arm,8
portion,8
warned,8
sick,8
frost,8
least,8
notice,8
shouted,8
overthrown,8
breakfast,8
achieved,8
younger,8
trotting,8
follow,8
whatever,8
chief,8
bleeding,8
played,8
older,8
memory,8
rested,8
menacing,8
box,8
stifflegged,8
tim,8
swiftness,8
further,8
somehow,8
grief,8
allegiance,8
observed,8
journey,8
lurked,8
therefore,8
miles,8
endure,8
keenan,8
strike,8
glad,8
sapling,8
satisfied,8
swung,8
moving,8
hundred,8
particular,8
knows,7
whimpered,7
ten,7
appearance,7
twice,7
whenever,7
beast,7
floor,7
want,7
sniffed,7
interest,7
bitten,7
apparently,7
devoured,7
yelped,7
shoved,7
remarkable,7
struggle,7
enjoyed,7
conscious,7
kiyid,7
managed,7
pleased,7
partly,7
feared,7
horse,7
mysterious,7
freedom,7
final,7
aware,7
devil,7
words,7
escaped,7
talk,7
smashed,7
leg,7
breed,7
beat,7
suspiciously,7
chickens,7
afternoon,7
affection,7
business,7
footing,7
settled,7
fastened,7
signs,7
wouldnt,7
voices,7
walk,7
spread,7
awe,7
beasts,7
kindly,7
cuff,7
continue,7
state,7
pressing,7
seven,7
necessary,7
society,7
ferocity,7
bills,7
heart,7
burning,7
lip,7
neither,7
mean,7
gang,7
thinking,7
meaning,7
direction,7
greeted,7
abruptly,7
approaching,7
talking,7
dragging,7
latter,7
valley,7
stout,7
sufficient,7
cant,7
wife,7
fellows,7
may,7
grow,7
tiny,7
pine,7
ahead,7
ones,7
hidden,7
sign,7
uttered,7
cautious,7
hate,7
fork,7
directly,7
ripping,7
developed,7
attempt,7
indomitable,7
help,7
sounded,7
especially,7
silent,7
consciousness,7
awakened,7
safety,7
oh,7
approach,7
alert,7
vain,7
bring,7
understood,7
lord,7
kick,7
swift,7
mr,7
borne,7
coffee,7
task,7
flying,7
thicket,7
intruder,7
bursting,7
easily,7
blue,7
chest,7
revolver,7
caressing,7
considered,7
late,7
pressed,7
fast,7
failed,7
crawling,7
merciless,7
dozed,7
chain,7
picked,7
fullgrown,7
added,7
thoroughly,7
brothers,7
changed,7
yelp,7
cowered,7
bone,6
senses,6
iron,6
chanced,6
giving,6
inherited,6
loneliness,6
calmly,6
chicken,6
yelps,6
crushed,6
rages,6
rapidly,6
nervous,6
shaking,6
resent,6
weeks,6
cherokees,6
town,6
leaving,6
guarded,6
prevented,6
vague,6
exist,6
heritage,6
succeeded,6
larger,6
moments,6
intent,6
becoming,6
ends,6
satisfaction,6
advantage,6
ominous,6
ring,6
fed,6
flattened,6
equally,6
terrors,6
yellow,6
pretty,6
tore,6
toiled,6
yielded,6
muscles,6
trip,6
frantic,6
morose,6
ominously,6
actions,6
flight,6
foe,6
efforts,6
enemies,6
landed,6
physical,6
preparing,6
tired,6
feelings,6
quest,6
value,6
plainly,6
brand,6
twenty,6
care,6
adventures,6
begun,6
spite,6
fierceness,6
snarls,6
however,6
noses,6
desperate,6
villages,6
menace,6
relaxed,6
raged,6
covenant,6
circled,6
warningly,6
advance,6
sprawling,6
youll,6
thumb,6
steamer,6
damage,6
resented,6
submission,6
caution,6
shut,6
cage,6
field,6
stomach,6
custom,6
sliding,6
intended,6
partner,6
hung,6
helped,6
content,6
result,6
centre,6
eagerness,6
dye,6
trap,6
destined,6
average,6
colossal,6
bush,6
noticed,6
lonely,6
faded,6
squaw,6
showing,6
mcgurry,6
begin,6
sleeping,6
stranger,6
draw,6
continually,6
clinging,6
desired,6
firelight,6
receive,6
saved,6
alongside,6
fashion,6
anxious,6
grunted,6
destroy,6
winter,6
obey,6
situation,6
generations,6
counted,6
sharply,6
rapid,6
female,6
except,6
gold,6
awkward,6
meattrail,6
harm,6
snapped,6
ventured,6
knees,6
confidence,6
youve,6
newcomer,6
wanted,6
following,6
rigid,6
restless,6
pride,6
awoke,6
soon,6
brute,6
soul,6
seem,6
impending,6
couldnt,6
car,6
size,6
disappearing,6
sheer,6
possibly,6
grunt,6
nearly,6
repeated,6
empty,6
colour,6
returning,6
electric,6
helpless,6
clean,6
red,6
dry,6
lose,6
burst,6
hint,6
bore,6
patting,6
listen,6
compared,6
unending,6
familiar,6
taste,5
crying,5
descending,5
tense,5
table,5
everywhere,5
drag,5
breaking,5
surprised,5
involuntarily,5
catch,5
capable,5
overturned,5
happy,5
worse,5
sleddog,5
lynxs,5
traces,5
impulses,5
asserted,5
tugged,5
invariably,5
preliminaries,5
steel,5
tolerate,5
iiithe,5
accomplish,5
answer,5
cartridges,5
expressing,5
enjoy,5
awake,5
attention,5
heat,5
crossed,5
survived,5
decided,5
bounded,5
seeming,5
required,5
clubs,5
curiosity,5
stamped,5
disliked,5
unusually,5
accustomed,5
try,5
yourself,5
boys,5
swallowed,5
fixed,5
sense,5
klondike,5
passing,5
cast,5
fist,5
respectful,5
gravely,5
lurking,5
submit,5
outraged,5
rock,5
stroke,5
listened,5
hopeless,5
hastily,5
melting,5
abandoned,5
daring,5
ive,5
manifestation,5
jealous,5
reply,5
puzzled,5
cubhood,5
tremendous,5
wolfpack,5
score,5
impressed,5
bushes,5
kindness,5
speed,5
shrill,5
spent,5
reach,5
broad,5
perpetually,5
blame,5
deeps,5
lone,5
bright,5
pitch,5
complete,5
objected,5
boldly,5
prison,5
mates,5
domesticated,5
farodealer,5
rarely,5
dawson,5
impelled,5
lain,5
milk,5
snaps,5
dare,5
scattered,5
cause,5
pursuers,5
offered,5
unexpected,5
rolling,5
fallen,5
harsh,5
shinbone,5
pieces,5
somewhere,5
period,5
finding,5
smashing,5
occurred,5
nerves,5
poor,5
adventure,5
curiously,5
hurts,5
police,5
drink,5
treated,5
theyve,5
groom,5
endless,5
paid,5
laughing,5
fibre,5
listening,5
nightmare,5
fun,5
whimper,5
wreak,5
limped,5
dogmushers,5
taking,5
judgment,5
forget,5
cringing,5
overtures,5
gun,5
venture,5
wail,5
filled,5
unseen,5
duty,5
flashed,5
alarm,5
experiences,5
hindlegs,5
loudly,5
roll,5
pounds,5
iithe,5
joy,5
sides,5
pursued,5
rabbits,5
youth,5
muttered,5
bounding,5
pot,5
mere,5
blessed,5
produced,5
mittens,5
classification,5
nostrils,5
wistfully,5
our,5
tricks,5
below,5
knocked,5
outfit,5
agreed,5
shewolfs,5
hanging,5
whom,5
brands,5
remaining,5
accordingly,5
ben,5
eagles,5
hope,5
hunt,5
threateningly,5
counter,5
stiff,5
woe,5
crime,5
wagging,5
theyll,5
contact,5
blind,5
stretched,5
automatically,5
slightly,5
defended,5
fellow,5
believe,5
source,5
lasted,5
instinctive,5
destruction,5
lick,5
loud,5
gangplank,5
watch,5
sisters,5
axe,5
tame,5
malignant,5
adjusted,5
deserted,5
careless,5
whereupon,5
express,5
immediately,5
heavily,5
excitement,5
commanded,5
cooking,5
caused,5
halted,5
fleeing,5
tallow,5
injustice,5
delayed,5
cool,5
surgeon,5
monstrous,5
carrying,5
coat,5
gathered,5
stirred,5
affected,5
throwing,5
composed,5
whistle,5
similar,5
conduct,5
quietly,5
partgrown,5
sniff,5
squaws,5
crept,5
striving,5
spoken,5
playful,5
kiches,5
unrest,5
number,5
increasing,5
vainly,5
barely,5
nights,5
meal,5
administered,5
coals,5
bet,5
lot,5
mountain,5
accomplished,4
shape,4
quieted,4
condition,4
astonished,4
feedin,4
remain,4
tossed,4
ropes,4
bark,4
snapping,4
staggered,4
commented,4
bellowing,4
wing,4
shadows,4
exclaimed,4
wonder,4
tasted,4
clutching,4
shrank,4
occasional,4
momentum,4
delivered,4
appearances,4
crafty,4
patience,4
sleddogs,4
rights,4
towards,4
constituted,4
household,4
defied,4
nudge,4
whirled,4
demon,4
beth,4
attacking,4
reality,4
belly,4
stands,4
severe,4
crawl,4
count,4
risk,4
shrewd,4
fatty,4
avoiding,4
line,4
slashing,4
plunged,4
flinging,4
memories,4
ranged,4
send,4
generation,4
ridiculous,4
ice,4
roof,4
selfconsciousness,4
pay,4
slipped,4
blinked,4
cell,4
robbed,4
streets,4
service,4
unusual,4
jaw,4
yielding,4
panic,4
downward,4
domain,4
wounds,4
generous,4
employer,4
gentleness,4
panting,4
bottom,4
avoided,4
cooked,4
whining,4
unceasingly,4
ferociously,4
developing,4
stricken,4
formed,4
bellies,4
circumstance,4
resisted,4
smoothly,4
stomachs,4
challenged,4
persisted,4
gazed,4
declared,4
yards,4
liked,4
squatting,4
prodigious,4
means,4
sentence,4
bulldogs,4
supper,4
slow,4
week,4
epitaph,4
hesitated,4
gnawed,4
driving,4
bulks,4
weedons,4
contented,4
replaced,4
stooped,4
possessions,4
shake,4
liplips,4
sidewise,4
log,4
places,4
landscape,4
threeyearold,4
straining,4
affair,4
dying,4
succession,4
pause,4
sunshine,4
bets,4
killing,4
sought,4
hens,4
cup,4
special,4
prone,4
friends,4
swifter,4
sort,4
squirrels,4
bully,4
splendid,4
backs,4
attempts,4
couple,4
finger,4
proffered,4
interested,4
quality,4
careful,4
patted,4
vthe,4
ithe,4
exposed,4
evidently,4
francisco,4
prey,4
yearning,4
ivthe,4
pick,4
blasted,4
victim,4
massive,4
hurled,4
price,4
whined,4
main,4
write,4
defend,4
soared,4
endured,4
fat,4
largest,4
passage,4
wolfs,4
stump,4
extended,4
whirl,4
moosebird,4
caressed,4
forces,4
tight,4
wellnigh,4
startled,4
strongest,4
major,4
stray,4
view,4
worth,4
enabled,4
safe,4
embrace,4
contrary,4
fealty,4
limp,4
formidable,4
cocked,4
biting,4
meant,4
trunk,4
physically,4
snuggling,4
inches,4
clout,4
real,4
gettin,4
firewood,4
common,4
suspicion,4
bending,4
crooning,4
helplessness,4
laws,4
void,4
tentatively,4
solemnly,4
pool,4
usual,4
anxiety,4
routed,4
playing,4
changing,4
opening,4
oblong,4
wag,4
wolfish,4
inequalities,4
howl,4
agitated,4
unable,4
hounds,4
comrade,4
sleepy,4
unprecedented,4
yelping,4
streams,4
sleds,4
certainly,4
black,4
recognised,4
mananimal,4
burden,4
moren,4
protected,4
exclamation,4
speak,4
herself,4
erect,4
sore,4
existed,4
row,4
steamboat,4
yard,4
vein,4
terms,4
caress,4
mastiff,4
harder,4
slope,4
smaller,4
breathing,4
romp,4
wrathful,4
tearing,4
bull,4
intention,4
stinging,4
objects,4
gripped,4
liberty,4
shame,4
repeatedly,4
canvas,4
theyd,4
brief,4
pull,4
worried,4
bother,4
threw,4
city,4
laying,4
age,4
directions,4
fluttered,4
trod,4
gait,4
paws,4
maintain,4
die,4
faith,4
urge,4
stole,4
rhythm,4
intently,4
sir,4
rounded,4
aid,4
moss,4
cowardly,4
sensed,4
command,4
deliberately,4
soothingly,4
peace,4
chicks,4
surrounded,4
mistake,4
worst,4
shift,4
securely,4
uproar,4
nine,4
quickness,4
expect,4
occupied,4
thin,4
forego,4
scrambled,4
sprawled,4
id,4
evidence,4
dared,4
fearful,4
really,4
delighted,4
hindquarters,4
teammates,4
flew,4
fury,4
skin,4
gazing,4
attempted,4
destroyed,4
slinking,4
qualities,4
dodging,4
hid,4
snuggle,4
barked,4
chops,4
members,4
wailing,4
expressed,4
sights,4
oneeyed,4
indignation,4
ribs,4
stone,4
rather,4
deliver,4
newcomers,4
cornered,4
spasmodically,4
raging,4
intimidating,4
anticipation,4
unlike,4
powers,4
marked,4
lordship,4
lawn,4
slunk,4
possible,4
furious,4
greatest,4
reckon,4
companion,4
forsooth,3
whine,3
boldest,3
ignore,3
hind,3
scarred,3
seeing,3
control,3
toil,3
strangely,3
lines,3
miserable,3
perpetrated,3
buried,3
moccasins,3
poles,3
learnt,3
owner,3
steal,3
snowshoe,3
triumphantly,3
coolly,3
tightly,3
darted,3
factor,3
civilisation,3
mighty,3
heavier,3
coffin,3
compact,3
everything,3
stalked,3
fairly,3
eagerly,3
indicated,3
pale,3
defence,3
lash,3
threatened,3
twisted,3
stuff,3
salmon,3
madness,3
misery,3
attracted,3
forks,3
adept,3
concluded,3
deck,3
outrun,3
commotion,3
twilight,3
poised,3
clara,3
bickering,3
faithfulness,3
prowess,3
prevent,3
mouthful,3
familiarity,3
doubt,3
possibility,3
badly,3
roots,3
instinctively,3
hastened,3
tightened,3
runners,3
waxed,3
loving,3
passion,3
administer,3
satisfy,3
inflicting,3
valuable,3
muscular,3
glances,3
adjust,3
shifted,3
glance,3
treatment,3
dancing,3
thinkin,3
anticipated,3
sensation,3
assured,3
limitations,3
supply,3
endurance,3
ebbed,3
hurling,3
stable,3
comes,3
ordinary,3
successful,3
gnawing,3
quarry,3
exertion,3
steady,3
read,3
cowards,3
deeper,3
confusion,3
pads,3
distorted,3
observing,3
tumbled,3
slender,3
general,3
collies,3
departing,3
bitter,3
peering,3
thrilling,3
baffled,3
puppypack,3
neednt,3
strode,3
war,3
dignified,3
belligerent,3
seconds,3
goodnaturedly,3
nearer,3
swept,3
wave,3
forms,3
directed,3
does,3
petty,3
elected,3
perplexed,3
lessons,3
regarding,3
ghost,3
clanging,3
charge,3
impact,3
traits,3
ribbons,3
toiling,3
favourite,3
squabbling,3
keyed,3
pricking,3
sheepdog,3
proved,3
surge,3
warfare,3
stayed,3
inevitable,3
bewildered,3
acquired,3
busy,3
realised,3
looks,3
santa,3
restricted,3
visited,3
surveyed,3
remarked,3
goodbye,3
staircase,3
affairs,3
protective,3
brushed,3
chopping,3
goods,3
question,3
due,3
hurriedly,3
petting,3
tended,3
ranging,3
brother,3
wind,3
wider,3
atmosphere,3
altogether,3
cat,3
ought,3
dominant,3
observe,3
story,3
outcast,3
essayed,3
regained,3
grub,3
idle,3
lock,3
motherweasel,3
attentions,3
rendered,3
indeed,3
roughly,3
incommunicable,3
concerned,3
aside,3
delivering,3
restrictions,3
discipline,3
case,3
reading,3
slaughter,3
angles,3
marauder,3
favoured,3
string,3
males,3
lake,3
eluding,3
suggestion,3
trembling,3
easy,3
crouch,3
latest,3
hers,3
gliding,3
continuous,3
springing,3
thirty,3
sheltering,3
eyed,3
scooped,3
unwonted,3
arisen,3
lazy,3
involuntary,3
agreein,3
thirst,3
mane,3
intercourse,3
oppressed,3
fore,3
people,3
quarters,3
frog,3
greatly,3
accompany,3
surging,3
underbrush,3
ending,3
mankind,3
mode,3
wondering,3
manifestations,3
somethin,3
seize,3
security,3
longest,3
require,3
pursuer,3
facing,3
deal,3
instincts,3
somebody,3
enmity,3
knife,3
fathers,3
various,3
gentle,3
warmed,3
isolation,3
lingered,3
stars,3
carnivorous,3
claws,3
writhing,3
soothing,3
kitten,3
mumbled,3
scene,3
scorched,3
looming,3
outran,3
sister,3
handy,3
superiority,3
correctly,3
forty,3
blundering,3
remainder,3
nearest,3
patient,3
matts,3
arctic,3
bars,3
guilty,3
intelligent,3
motionless,3
prodded,3
violate,3
progress,3
streaming,3
troubles,3
attached,3
louder,3
favour,3
thick,3
apprehension,3
saloon,3
eight,3
bluff,3
beset,3
accelerated,3
futile,3
saying,3
stables,3
strained,3
smiled,3
trunks,3
catlike,3
equal,3
birth,3
pronounced,3
dream,3
vouchsafed,3
doze,3
malice,3
irregular,3
pleasure,3
training,3
displayed,3
ancient,3
defiant,3
comfort,3
potencies,3
apprehensively,3
mens,3
responded,3
backpasture,3
locked,3
courage,3
perish,3
jammed,3
populous,3
sterner,3
swayed,3
solid,3
tufts,3
resumed,3
appalled,3
losing,3
violent,3
cutting,3
necessity,3
aspect,3
ambitious,3
midday,3
appearing,3
bristle,3
clipping,3
contain,3
suppress,3
gaunt,3
underneath,3
opposite,3
intervals,3
comfortable,3
dust,3
addition,3
staring,3
quivering,3
asleep,3
bunk,3
present,3
performance,3
hearts,3
threatening,3
wolfcub,3
thereafter,3
ardours,3
unscathed,3
wings,3
warmth,3
shots,3
hed,3
study,3
token,3
trailed,3
failing,3
stay,3
fair,3
shore,3
southern,3
drop,3
luggage,3
fly,3
whether,3
concern,3
wrathfully,3
velvet,3
marvel,3
sit,3
marks,3
moon,3
share,3
faces,3
blackness,3
lured,3
packing,3
chained,3
hoarse,3
glanced,3
contacts,3
breast,3
collided,3
insisted,3
botherin,3
peered,3
stead,3
muscle,3
checked,3
weakened,3
falling,3
thrown,3
leading,3
account,3
astonishment,3
substance,3
throw,3
campfire,3
sooner,3
athinkin,3
woke,3
woman,3
putting,3
appear,3
rivals,3
unaccountable,3
spitting,3
consequence,3
retreating,3
previous,3
oncoming,3
flowed,3
disappear,3
promptly,3
utter,3
pounced,3
bones,3
revolt,3
lashed,3
critters,3
approval,3
farther,3
entirely,3
pleaded,3
chips,3
capacity,3
enter,3
haunted,3
thief,3
inspected,3
covering,3
lives,3
snake,3
rocks,3
pipe,3
luck,3
sounding,3
tracks,3
doorway,3
discomfort,3
frames,3
won,3
inspired,3
weapons,3
debt,3
cheer,3
demonstrative,3
plenty,3
naked,3
restraints,3
glared,3
culmination,3
wary,3
per,3
faintest,3
bred,3
anyway,3
sheltered,3
shrinking,3
snowsurface,3
lashing,3
customary,3
sinking,3
force,3
bag,3
precipitately,3
encouraged,3
everybody,3
succeeding,3
battles,3
heres,3
motion,3
clustered,3
mastered,3
room,3
motherhood,3
killers,3
canoes,3
bunch,3
agree,3
distances,3
exhibition,3
unguessed,3
recoiled,3
gravel,3
wilted,3
impression,3
object,3
lifting,3
clamoured,3
tenacity,3
forepaws,3
gets,3
youd,3
distrust,3
roused,3
swore,3
tie,3
playfully,3
fully,3
dreamed,3
anxiously,3
respect,3
myriad,3
thatll,3
myself,3
shall,3
rejoined,3
gathering,3
evermenacing,3
abrupt,3
angrily,3
welcomed,3
searched,3
steamers,3
cats,3
caresses,3
steadily,3
ruled,3
event,3
blindly,3
bolder,3
smoke,3
hurting,3
climbed,3
aloof,3
unafraid,3
displeasure,3
ordered,3
raw,3
gain,3
curled,3
jump,3
unbroken,3
join,3
keen,3
squat,3
knowing,3
grizzled,3
horses,3
effortless,3
um,3
plasticity,3
waterway,3
implacable,3
godhead,3
steellike,3
mouths,3
wrought,3
sum,3
load,3
somewhat,3
searching,3
lesser,3
dreams,3
lower,3
obediently,2
nothin,2
bounds,2
brains,2
exploded,2
killings,2
husky,2
birchbark,2
afterward,2
smooth,2
coated,2
punish,2
dangers,2
redeeming,2
heroic,2
defiance,2
quail,2
bushy,2
win,2
wrinkled,2
prodigiously,2
painfully,2
severely,2
brush,2
truth,2
facetious,2
adjusting,2
reign,2
hit,2
rescue,2
hot,2
baby,2
elements,2
cars,2
rub,2
masterful,2
reasoned,2
vithe,2
barking,2
forming,2
abstract,2
thrills,2
pitiable,2
unduly,2
subtle,2
almighty,2
pervaded,2
limply,2
varying,2
ravaged,2
applied,2
desert,2
softtanned,2
replied,2
ridiculousness,2
accompaniment,2
dislike,2
placing,2
cuts,2
likely,2
visions,2
wilddog,2
scarce,2
singed,2
unmistakable,2
joining,2
liable,2
protecting,2
sale,2
likened,2
stopping,2
journeyed,2
girl,2
struggles,2
survive,2
enjoyable,2
thy,2
grating,2
towering,2
willin,2
inaction,2
sledlashing,2
wherever,2
emitted,2
mat,2
jerked,2
allfired,2
victory,2
misfortune,2
screamed,2
fairer,2
vindicated,2
sneaking,2
claw,2
missile,2
drooped,2
cherished,2
anothers,2
mournful,2
mechanism,2
repetition,2
whereby,2
beans,2
remarkably,2
glimpses,2
multitude,2
stately,2
gnaw,2
loath,2
thrusting,2
venturing,2
towered,2
compel,2
attraction,2
newspapers,2
history,2
respected,2
puppys,2
correspondence,2
writhed,2
moonlit,2
prospected,2
toe,2
lids,2
preying,2
compelling,2
bestowed,2
alice,2
honest,2
undertaking,2
generalisation,2
curses,2
current,2
bench,2
puny,2
backers,2
hindleg,2
paddle,2
lovegrowl,2
lucky,2
admiration,2
demanding,2
impossible,2
snivelling,2
sucked,2
heredity,2
treerefuge,2
needed,2
enormous,2
transports,2
pat,2
area,2
furs,2
courtroom,2
contempt,2
display,2
included,2
vulnerable,2
branches,2
awestricken,2
writing,2
mists,2
spine,2
indicating,2
hunters,2
pan,2
practice,2
heaving,2
forcibly,2
incurred,2
frail,2
gurgling,2
wwwhomeenglishru,2
reddish,2
deed,2
wounded,2
dread,2
stared,2
primacy,2
gaining,2
disdained,2
hams,2
nest,2
jose,2
segments,2
connected,2
saliva,2
alley,2
squealing,2
drooping,2
performed,2
cease,2
transformed,2
puppyish,2
flanks,2
harnesses,2
spending,2
fatal,2
knock,2
fences,2
responsive,2
firm,2
contraction,2
kinds,2
differentiate,2
reassured,2
furniture,2
quarrels,2
sickness,2
obtain,2
mincing,2
waved,2
sleepily,2
encounters,2
grasp,2
reluctantly,2
ve,2
adventurers,2
folded,2
seventeen,2
maddening,2
arrival,2
northern,2
secured,2
scampered,2
inglorious,2
legitimate,2
shining,2
conclusion,2
openings,2
screened,2
cloth,2
cabinstoop,2
talons,2
intervened,2
resembling,2
snakelike,2
futility,2
ascertained,2
gorged,2
according,2
snowshoes,2
makeup,2
forsook,2
north,2
stiffened,2
mountains,2
thieving,2
persuade,2
toss,2
guarding,2
spouting,2
acknowledged,2
mosquito,2
scaffold,2
overhanging,2
yawning,2
recoil,2
counselled,2
offen,2
hadnt,2
tormented,2
catching,2
worthless,2
blazing,2
lunging,2
deliberation,2
associated,2
gloomy,2
lolling,2
trained,2
urges,2
methods,2
clutch,2
completion,2
adventurous,2
questioning,2
stature,2
widest,2
squabble,2
chewing,2
oppress,2
everybodys,2
whisper,2
mutual,2
elapsed,2
sprung,2
wildly,2
stoop,2
shifting,2
tangle,2
lynxmother,2
forage,2
alien,2
wisest,2
backwall,2
exceeded,2
discover,2
loosed,2
underside,2
tapping,2
using,2
sport,2
powerful,2
wherein,2
blaze,2
bend,2
retorted,2
countless,2
coyly,2
bruised,2
conversation,2
comrades,2
feeble,2
scant,2
severest,2
search,2
fraction,2
dodged,2
upright,2
untouched,2
washed,2
plant,2
rosecolour,2
hopelessly,2
draggled,2
gloated,2
burrows,2
tribe,2
relation,2
fearless,2
pit,2
interminably,2
radiating,2
crashed,2
telephone,2
protruded,2
thrashed,2
satisfying,2
throttling,2
threats,2
observant,2
tireless,2
calculate,2
sentenced,2
prize,2
reduced,2
burned,2
seal,2
dependent,2
oblivious,2
sah,2
satisfactions,2
wishin,2
wore,2
wherefore,2
freshcaught,2
mebbe,2
chattered,2
stupidly,2
waste,2
perceived,2
tickled,2
bandana,2
road,2
harshly,2
lungs,2
tongues,2
trembled,2
april,2
loomed,2
guess,2
points,2
grave,2
meagre,2
bottles,2
ease,2
grain,2
drawing,2
character,2
burnt,2
stir,2
overthrowing,2
malignantly,2
recollected,2
fanformation,2
based,2
intensity,2
doubling,2
dollars,2
nips,2
hill,2
plump,2
frantically,2
makes,2
hauled,2
lengthened,2
middle,2
resembled,2
weakly,2
fancy,2
rockies,2
persons,2
subconscious,2
puniness,2
panics,2
self,2
jackrabbit,2
huddling,2
widened,2
immediate,2
safer,2
leaders,2
remnant,2
whack,2
post,2
audience,2
faithful,2
inch,2
missiles,2
formerly,2
peck,2
hasnt,2
spankers,2
campfires,2
leaning,2
unless,2
yell,2
forlornly,2
wheres,2
nozzled,2
vastness,2
operation,2
easement,2
intentness,2
clothesbags,2
crowded,2
replenished,2
shrewdly,2
ignoring,2
crimes,2
bellowed,2
aloud,2
horror,2
particularly,2
chewed,2
contents,2
indecision,2
haste,2
thoughts,2
dregs,2
disturbed,2
moonlight,2
whipping,2
manifested,2
mark,2
quentin,2
cannot,2
antics,2
diversion,2
acknowledge,2
offer,2
abandon,2
rough,2
overthrow,2
shamelessly,2
wandering,2
horizon,2
expense,2
sacred,2
ultimately,2
mouthnoises,2
vast,2
opposing,2
yearned,2
frosty,2
murmured,2
infinitely,2
stolen,2
gaze,2
tightclenched,2
munching,2
clamour,2
trips,2
entertained,2
withdrawn,2
works,2
suddenness,2
delicately,2
lighted,2
lamp,2
reputation,2
wasted,2
weaker,2
perturbed,2
doglike,2
licking,2
wish,2
bled,2
weakest,2
departed,2
rob,2
armour,2
moulding,2
villan,2
camped,2
straightened,2
mars,2
sake,2
preeminently,2
robbing,2
mangling,2
triumph,2
downstairs,2
desolation,2
fluttering,2
sharper,2
certitude,2
astounded,2
vigilantly,2
unaware,2
fond,2
spit,2
virtue,2
offering,2
exhibited,2
pricked,2
outlet,2
fraught,2
divided,2
vendetta,2
reared,2
hound,2
press,2
absolute,2
spasms,2
disreputable,2
lashes,2
pasture,2
chickenyards,2
swim,2
interval,2
renewed,2
strokes,2
punishing,2
reminded,2
despite,2
manfashion,2
rags,2
drifted,2
dawn,2
frame,2
realisation,2
frankly,2
savageness,2
orders,2
ol,2
sombre,2
mornin,2
glided,2
pressure,2
fit,2
fuel,2
mandate,2
crooned,2
poise,2
pineknot,2
stumbling,2
palpitant,2
overpowering,2
level,2
proclaimed,2
spreading,2
petted,2
determinedly,2
sober,2
slammed,2
investigated,2
code,2
friendly,2
crunching,2
progeny,2
message,2
rankling,2
packformation,2
loosened,2
treachery,2
figure,2
distinctly,2
burdened,2
menacingly,2
thickets,2
increase,2
rasping,2
placate,2
able,2
calmness,2
surcease,2
sad,2
unloving,2
prowled,2
double,2
determined,2
thrash,2
tilt,2
whoops,2
affect,2
bloodcurdling,2
bulk,2
convincing,2
rumbled,2
march,2
greeting,2
screaming,2
recovered,2
hoofs,2
desires,2
wolfhowl,2
descend,2
slave,2
minin,2
recent,2
intangible,2
ammunition,2
tip,2
croakin,2
health,2
sobbing,2
applause,2
waving,2
bags,2
cent,2
swam,2
honour,2
quarter,2
revenge,2
smarter,2
spectacle,2
unexpectedly,2
ketch,2
spell,2
campdogs,2
wielded,2
encounter,2
sympathy,2
vanished,2
smelt,2
sap,2
difficult,2
affectionate,2
secret,2
chided,2
acknowledgment,2
seized,2
immobility,2
domestic,2
spot,2
quietude,2
quicker,2
smiling,2
irresistible,2
launched,2
sideways,2
lurk,2
persecuted,2
unroll,2
reassuring,2
trailing,2
thereby,2
lawful,2
month,2
monstrosity,2
winged,2
weighed,2
tangible,2
collar,2
regret,2
grass,2
equilibrium,2
bein,2
condescension,2
sharks,2
vigour,2
teach,2
whispered,2
devour,2
pitched,2
weasels,2
extending,2
pecked,2
delicate,2
unthinkable,2
whatd,2
confined,2
slanted,2
scramble,2
scrawny,2
hunter,2
exhausted,2
aurora,2
spurs,2
afford,2
doom,2
grateful,2
carefulness,2
futilely,2
chorus,2
irritably,2
overwhelming,2
neutrality,2
incredulously,2
blinking,2
dicks,2
orientation,2
hue,2
mastering,2
disapproval,2
offence,2
baseeks,2
lightning,2
outward,2
revolted,2
vaster,2
bird,2
sighted,2
armed,2
clash,2
havoc,2
clumsily,2
bitterly,2
climate,2
differently,2
thirtyfoot,2
convulsed,2
member,2
sustenance,2
sadly,2
sorrowed,2
deposited,2
minds,2
whips,2
desperately,2
practically,2
wiser,2
apex,2
torment,2
anguish,2
natures,2
feud,2
male,2
foraged,2
smote,2
wonderful,2
harnessed,2
perforce,2
judging,2
corresponding,2
assumed,2
arrive,2
vigilant,2
dashing,2
chickenhouse,2
california,2
perpetual,2
squeal,2
expectant,2
foraging,2
dependence,2
befell,2
inner,2
dwindled,2
camps,2
possessing,2
bleak,2
measure,2
cessation,2
forelegs,2
rivers,2
defeat,2
withal,2
intentions,2
advertising,2
trading,2
rouse,2
company,2
connection,2
reserved,2
escaping,2
dweller,2
stampeded,2
agony,2
sizes,2
committed,2
bedlam,2
willingness,2
shortly,2
confident,2
steamboats,2
mass,2
scored,2
cribbage,2
henrys,2
smelling,2
exactly,2
placed,2
promptings,2
rule,2
apparent,2
stalking,2
outer,2
quit,2
shouldered,2
peculiar,2
reasoning,2
happiness,2
derisively,2
grooms,2
campsounds,2
uncompanionable,2
feed,2
response,2
yearold,2
straddled,2
fetched,2
privilege,2
taut,2
kittens,2
pats,2
evinced,2
planned,2
mit,2
dealing,2
suspected,2
footprints,2
bubbled,2
cariboogut,2
nay,2
retreated,2
pausing,2
fighter,2
curved,2
protracted,2
attract,2
whistled,2
dirt,2
pace,2
nurse,2
suspended,2
fragile,2
friendship,2
cower,2
habits,2
crooked,2
ironlike,2
adjacent,2
victor,2
perilous,2
friendliness,2
characterised,2
gates,2
access,2
bread,2
awaited,2
instantly,2
bared,2
lightningflash,2
scented,2
smile,2
caves,2
regard,2
balls,2
slight,2
discovery,2
withdrew,2
sneak,2
yelling,2
ungainly,2
forlorn,2
fasten,2
undue,2
scairt,2
potent,2
clashing,2
shes,2
depressed,2
slain,2
fabric,2
tables,2
pointing,2
idea,2
tragedy,2
solidity,2
threaten,2
consideration,2
presented,2
reproof,2
goshswoggled,2
favours,2
silenced,2
snows,2
plaster,2
pry,2
flower,2
train,2
violence,2
squawk,2
seat,2
queried,2
occupying,2
transform,2
erstwhile,2
opinion,2
flickered,2
principle,2
spanker,2
wildest,2
fault,2
maud,2
leaned,2
species,2
amid,2
beatings,2
rewarded,2
believed,2
peril,2
braced,2
child,2
houses,2
loss,2
grievous,2
eyelids,2
whipped,2
maker,2
quarrel,2
dominated,2
pet,2
precaution,2
afresh,2
bloodhounds,2
perished,2
wistful,2
bottle,2
lightly,2
elsewhere,2
rubbing,2
bullying,2
basic,2
prod,2
screeching,2
continuously,2
woodmice,2
trimmed,2
traversed,2
funeral,2
goodnatured,2
mystery,2
possess,2
sunk,2
himthe,2
administering,2
clump,2
protest,2
diverted,2
pleasant,2
blundered,2
slashes,2
amount,2
process,2
incorrigible,2
crystals,2
minute,2
dizzy,2
decisively,2
sour,2
vitality,2
forced,2
innumerable,2
degree,2
woven,2
godlike,2
events,2
missing,2
represented,2
queer,2
halfdigested,2
chemistry,2
hubbub,2
language,2
cheerless,2
ancestry,2
whos,2
serious,2
horrible,2
needs,2
sourdoughs,2
reappeared,2
dangerous,2
interrupted,2
distract,2
owed,2
fewer,2
circling,2
centuries,2
inflict,2
hello,2
battling,2
mocassins,2
effects,2
bullet,2
emptily,2
difficulty,2
recesses,2
complex,2
playfulness,2
hunkydory,2
remotely,2
pleasing,2
recognise,2
hiding,2
clutched,2
split,2
surrendered,2
needles,2
newborn,2
crossroads,2
bellying,2
obedient,2
frenzy,2
plummet,2
personal,2
clouts,2
scent,2
stonethrowers,2
partners,2
sigh,2
answering,2
ancestors,2
telegraph,2
justified,2
clouted,2
locality,2
voluntarily,2
allpowerful,2
icy,2
shrugged,2
extent,2
unrolled,2
travelling,2
crashing,2
softened,2
holy,2
hawks,2
breathed,2
strengthened,2
walking,2
prisoner,2
wrinkling,2
thieves,2
unreal,2
raised,2
realm,2
missin,2
soil,2
ofttimes,2
strings,2
lack,2
weapon,2
snort,2
finish,2
beings,2
gripping,2
squall,2
scheme,2
mile,2
bewildering,2
smells,2
danced,2
roar,2
bothered,2
universe,2
shackles,2
poked,2
culprit,2
arise,2
devouring,2
huntingcries,2
nope,2
defending,2
doctor,2
throats,2
obstruction,2
bunched,2
naught,2
wrenched,2
suncoloured,2
straying,2
lovemaking,2
use,2
hills,2
stove,2
rim,2
bankrupt,2
lynxes,2
stubbed,2
fatigue,2
metallic,2
snares,2
race,2
saving,2
remember,2
pursuing,2
groups,2
sea,2
enforce,2
prosperous,2
midway,2
rare,2
singing,2
hostility,2
stringy,2
fitted,2
rip,2
comment,2
stumbled,2
chummed,1
niggardly,1
understepped,1
topped,1
gaping,1
secure,1
runner,1
spirited,1
pigeon,1
irritatingly,1
valleylevel,1
tough,1
spats,1
repress,1
swain,1
dishevelled,1
scurrying,1
fowl,1
forepaw,1
arsenal,1
gosh,1
tan,1
moralise,1
erected,1
dogfood,1
rail,1
intermittently,1
swell,1
button,1
murderer,1
doubtful,1
trousers,1
slimy,1
shrink,1
indomitability,1
antecedent,1
restful,1
respond,1
endearing,1
bleedingall,1
formulate,1
ploughing,1
carted,1
marshes,1
sharing,1
firmly,1
grace,1
garmenture,1
fail,1
tumble,1
evolution,1
hitting,1
utmost,1
makers,1
pudgy,1
uninjured,1
knee,1
sayin,1
sledleader,1
unholy,1
handful,1
windows,1
draws,1
east,1
twas,1
jealously,1
permeable,1
selfconscious,1
himhated,1
woof,1
sauntered,1
casts,1
glove,1
confessed,1
marred,1
applauded,1
inviting,1
thickly,1
intonation,1
shinin,1
philosophic,1
interfere,1
gasped,1
fervid,1
roaming,1
ere,1
discernible,1
vindictive,1
attaining,1
trial,1
snapd,1
tricking,1
wrapped,1
fissure,1
furred,1
harshfibred,1
robe,1
sixteen,1
obtained,1
settling,1
correct,1
lithe,1
bracing,1
bridge,1
lowering,1
fragrances,1
offending,1
dodge,1
quarrelling,1
leaps,1
dumb,1
soften,1
prospecting,1
ii,1
shaded,1
v,1
allthus,1
suspension,1
birds,1
beginner,1
repeating,1
soothed,1
breakingup,1
dollar,1
mary,1
damned,1
territory,1
jointed,1
burn,1
imparted,1
confidenceinspiring,1
forthright,1
forehead,1
irritated,1
remotest,1
automobiles,1
refuge,1
detail,1
outtowered,1
huddled,1
compromising,1
exerting,1
skyline,1
flirted,1
constant,1
whispers,1
untold,1
backing,1
appointed,1
tags,1
rippled,1
interlacing,1
hurtling,1
musher,1
squeals,1
warn,1
throwingdistance,1
advanced,1
shock,1
overstepped,1
pipes,1
freshkilled,1
absent,1
bethought,1
eatable,1
manout,1
appurtenances,1
voiced,1
fiercest,1
quavering,1
fangthe,1
bandages,1
importance,1
moistness,1
develop,1
impulsionsto,1
identify,1
females,1
maltreated,1
malemutesall,1
impunity,1
adjustment,1
match,1
firmer,1
surely,1
peg,1
governing,1
vapour,1
hum,1
heaped,1
inexorable,1
appease,1
assailed,1
perjured,1
cavelife,1
andlook,1
shortcomings,1
iteration,1
parts,1
dulling,1
glass,1
completed,1
equalled,1
angle,1
rocky,1
soiled,1
buying,1
dwelling,1
advantages,1
letting,1
toils,1
tap,1
person,1
eyelashes,1
enthusiastic,1
guardianship,1
wisely,1
grasscovered,1
noncommittal,1
pulling,1
redhued,1
railroaded,1
render,1
dirtyyellow,1
dislodge,1
incidentally,1
painstaking,1
wrist,1
precipitate,1
wholly,1
governed,1
burrowed,1
working,1
toddlers,1
suppressed,1
lovesong,1
owners,1
mountainsides,1
huea,1
dreaded,1
prop,1
undeviating,1
juices,1
remains,1
concealed,1
dishwater,1
sprised,1
forearm,1
limited,1
jerks,1
disclosed,1
verity,1
grasped,1
unfairly,1
himselfa,1
outgrewhis,1
signified,1
vaguely,1
tarpaulin,1
rival,1
charged,1
squarely,1
bubbling,1
shelving,1
modify,1
exchanged,1
onesided,1
weather,1
success,1
blamed,1
crazy,1
hummed,1
intricacies,1
mossberry,1
dubiously,1
sphinx,1
yourn,1
licence,1
fleeting,1
dugmusher,1
blooddrinker,1
uttermost,1
vacancy,1
weremakers,1
texture,1
hauling,1
proceed,1
repulse,1
regretting,1
behaved,1
gutwhips,1
feelins,1
cautions,1
taming,1
reservation,1
archfiend,1
borrowed,1
inclination,1
lowerlying,1
personally,1
traded,1
benefita,1
shambles,1
gyrations,1
piercing,1
scenting,1
mixup,1
chances,1
unsnapped,1
covetous,1
lifeblood,1
upturned,1
resentment,1
fishwhy,1
tyranny,1
challenge,1
dast,1
plants,1
built,1
pawed,1
heartbreaking,1
thinglove,1
motes,1
crash,1
occupation,1
altered,1
authorities,1
causes,1
nosing,1
volitions,1
crunched,1
prick,1
undulating,1
utilised,1
snores,1
holes,1
cavortin,1
slightest,1
december,1
truly,1
setter,1
madto,1
contracting,1
shortness,1
expansion,1
criticism,1
prepare,1
undecided,1
duties,1
standard,1
infinitesimal,1
disgorged,1
adaptable,1
firearms,1
liquid,1
freshmade,1
mist,1
feels,1
concerning,1
fantastic,1
narrated,1
extravagant,1
bowed,1
vanquished,1
casually,1
wake,1
steadfastly,1
bantering,1
fattys,1
cable,1
undergoing,1
cavernous,1
heating,1
utterance,1
pushingforward,1
uneasy,1
tah,1
upper,1
manhunt,1
eyeing,1
throatattack,1
reticence,1
trifled,1
asellin,1
vigorously,1
killer,1
outclassed,1
praise,1
cuffed,1
says,1
poundsfully,1
actually,1
scream,1
contraption,1
dogged,1
knocking,1
brooded,1
coffeepot,1
quickflung,1
distantly,1
weary,1
overmuch,1
reddened,1
drowsing,1
suncured,1
pictures,1
chews,1
hasty,1
cow,1
awaking,1
diameter,1
foreran,1
lusts,1
flicked,1
premises,1
handle,1
lolled,1
unfamiliarity,1
ended,1
raise,1
acts,1
equipped,1
tread,1
taboo,1
pass,1
nichols,1
enemys,1
bathed,1
symbolised,1
noiseless,1
tremblingly,1
hisses,1
confess,1
bored,1
slew,1
madly,1
loading,1
accidents,1
strip,1
unruly,1
hardened,1
bringer,1
tooth,1
smouldering,1
exacted,1
prickly,1
unsuspecting,1
doublings,1
longstanding,1
gashing,1
steering,1
dose,1
circumference,1
pried,1
calculations,1
wolfcry,1
disembowelled,1
bestial,1
glimmering,1
encouragement,1
taller,1
warily,1
inhospitable,1
crystalpowder,1
culminating,1
fiftypound,1
abject,1
spoiling,1
organised,1
darned,1
extremely,1
abuttin,1
meatmeat,1
operating,1
cents,1
wallowing,1
swallow,1
cure,1
mangod,1
basses,1
horseback,1
ambitiously,1
merit,1
recognition,1
elders,1
unawed,1
quill,1
carts,1
preyed,1
obvious,1
fullthroated,1
burdens,1
pinch,1
ravenous,1
season,1
palmated,1
ary,1
petrifaction,1
abdomen,1
identified,1
comportment,1
premature,1
pockets,1
planted,1
clawed,1
future,1
flood,1
lead,1
upset,1
bulging,1
summed,1
coal,1
announcement,1
froze,1
ecstasy,1
indulgently,1
chamber,1
reassure,1
grievously,1
nonkillers,1
frowned,1
trucks,1
sinew,1
bellows,1
unconnected,1
surveying,1
hides,1
thronged,1
qualified,1
manoeuvre,1
adventuring,1
alertness,1
avaricious,1
eats,1
geographical,1
unmolested,1
townreared,1
prominent,1
assuring,1
badtempered,1
creeping,1
allll,1
superfluous,1
dispersed,1
responsively,1
digested,1
sniggered,1
fan,1
auroras,1
sicked,1
stretching,1
twolegged,1
reproving,1
fence,1
haggard,1
commiseratingly,1
amended,1
horde,1
efficiency,1
argued,1
antipathy,1
saddled,1
solitude,1
temporary,1
suffering,1
unversed,1
whim,1
travel,1
idly,1
occur,1
boxes,1
determination,1
expanding,1
puppetbodies,1
primordial,1
everlastingly,1
taught,1
fill,1
expeditions,1
gash,1
wideeyed,1
forwardpushing,1
lowgrowing,1
shortlived,1
convict,1
falla,1
sibilant,1
multitudes,1
floundered,1
quinine,1
plaintive,1
ridgepole,1
manys,1
foodsupply,1
washboards,1
merging,1
suits,1
pleasurable,1
appreciate,1
chickenyard,1
unappeased,1
alonethough,1
expanse,1
semblance,1
halfway,1
liking,1
belied,1
encyclopaedia,1
endeavoured,1
sufferings,1
sensitive,1
sadness,1
hurtle,1
mooseherds,1
repeat,1
barn,1
despairing,1
downed,1
bunches,1
pencil,1
disagreement,1
admitted,1
periods,1
begins,1
moneysack,1
excess,1
evading,1
prompting,1
hungrily,1
warders,1
revelled,1
overzealous,1
alacrity,1
kicked,1
pounding,1
breedsto,1
salient,1
sizzling,1
clearer,1
trapped,1
younggreen,1
wallowed,1
wordy,1
flooded,1
clinked,1
partisan,1
cresting,1
yelpin,1
supposed,1
undercloths,1
flowing,1
temperature,1
sullen,1
recovery,1
responsible,1
conduces,1
chap,1
hudsons,1
perfected,1
imminence,1
likes,1
resigned,1
wicked,1
dozenlived,1
associations,1
nag,1
verified,1
deceptively,1
ulterior,1
cuss,1
rows,1
culminate,1
fatherhood,1
pleadingly,1
devoted,1
sobs,1
calmed,1
pitching,1
arrangement,1
scratch,1
freely,1
wolverine,1
parlance,1
placated,1
scornful,1
splay,1
perpendicular,1
shouts,1
elsehe,1
rumbling,1
cheerfully,1
sallied,1
skimmed,1
attacks,1
profusely,1
moustache,1
perturbation,1
saturated,1
manhandled,1
inertness,1
crippled,1
mixing,1
lifecollie,1
seasoned,1
apathetically,1
model,1
failures,1
nudging,1
fleshand,1
outmanoeuvred,1
hairsbreadth,1
skinbags,1
unaccustomed,1
interesting,1
walnut,1
restlessness,1
behaving,1
shortleggedtoo,1
wolfdogs,1
goings,1
halfcrouching,1
releasing,1
sweeten,1
oned,1
persistently,1
scatter,1
swear,1
devise,1
fancied,1
dumbmad,1
appreciation,1
digestion,1
unaided,1
ordinarily,1
deeply,1
surly,1
independence,1
invested,1
offended,1
daunt,1
sobbings,1
immense,1
buildings,1
forbidding,1
aspiring,1
famines,1
festering,1
forebodings,1
destroying,1
bounced,1
atrembling,1
squeezed,1
alivemaking,1
earthspace,1
bulge,1
fangor,1
permission,1
shootingirons,1
pullingtraces,1
lookin,1
tussled,1
thinkingat,1
grunting,1
stupid,1
abruptness,1
approvingly,1
whiplashes,1
ages,1
poohed,1
prior,1
goldrush,1
nonplussed,1
preferred,1
buggywhip,1
flabby,1
wrangling,1
replete,1
achieve,1
unsatisfied,1
ailin,1
overturning,1
halfshut,1
fingertips,1
questing,1
cloud,1
imprisoned,1
oftenwhen,1
susceptibility,1
hostilities,1
processes,1
smash,1
uproarious,1
whirling,1
bearskin,1
longleggedtoo,1
kindcause,1
cruelty,1
lacerated,1
promise,1
chastisement,1
farmers,1
takes,1
clanking,1
insignificance,1
tenseness,1
shocked,1
confusions,1
flashing,1
smacked,1
somewheres,1
twitched,1
protested,1
drenchings,1
merged,1
correspondingly,1
arranged,1
personification,1
aboard,1
conspiracy,1
befuddled,1
skinned,1
mightily,1
episode,1
executors,1
unseated,1
suspicions,1
cliff,1
amenable,1
sneezing,1
sailors,1
boyhood,1
disappointment,1
softerlined,1
rained,1
radiated,1
formless,1
crystallised,1
wreaked,1
flee,1
ingratiating,1
sedately,1
exchange,1
payment,1
electrocute,1
mothera,1
paralysis,1
mild,1
clearness,1
brings,1
movelessness,1
aims,1
knot,1
runaways,1
cultivated,1
professional,1
bristlings,1
dawned,1
scrutiny,1
series,1
pairs,1
diver,1
apprehensive,1
totally,1
harmed,1
stain,1
penetrating,1
cook,1
sidewalks,1
fine,1
massformation,1
craft,1
gestures,1
stub,1
slippery,1
interplay,1
exigencies,1
accents,1
oracularly,1
wound,1
sidelong,1
investigations,1
awry,1
yours,1
moroseness,1
claim,1
gregarious,1
refusing,1
rasp,1
investigatin,1
twentyfour,1
pawstroke,1
tremendously,1
adapted,1
privacy,1
toddling,1
distasteful,1
occultly,1
meeting,1
planless,1
mossstuffed,1
expectantly,1
cheeks,1
tackle,1
creating,1
eskimo,1
earnestness,1
recorded,1
newspaper,1
released,1
powder,1
continuing,1
spankerthe,1
shouldering,1
reluctant,1
wolfyou,1
decent,1
screen,1
eventually,1
hungerneed,1
uncomfortable,1
indignantly,1
cheery,1
resume,1
amidst,1
perturbations,1
stamp,1
injure,1
expressions,1
selfsurrender,1
stepping,1
sling,1
elated,1
clubbings,1
trusting,1
pegging,1
enforced,1
godlikeness,1
rode,1
pregnant,1
panicky,1
selfremunerative,1
remoulding,1
openly,1
gruff,1
dawning,1
replenish,1
expands,1
diminished,1
entrancespassages,1
slubberings,1
solemnity,1
fara,1
thousands,1
strangeness,1
mangled,1
worship,1
d,1
skulls,1
preliminary,1
cosey,1
mumbling,1
lazily,1
formalities,1
spoonful,1
sleuthhounds,1
wonderworkers,1
retaliation,1
am,1
tormentor,1
inveigle,1
longestablished,1
selfpossessed,1
unnaturally,1
false,1
doings,1
wolverines,1
trifle,1
crowding,1
exulting,1
glaze,1
stickso,1
publicspirited,1
bettern,1
tossing,1
pushin,1
wailed,1
essential,1
threshed,1
stealing,1
programme,1
actual,1
valiantly,1
runway,1
ambitions,1
sparklike,1
strangers,1
misjudgment,1
placeso,1
resentfully,1
winced,1
ra,1
acquainted,1
fare,1
openmouthed,1
advances,1
treesepulchre,1
dogsin,1
furry,1
specks,1
magnificently,1
overlooking,1
elaborate,1
understanding,1
malarial,1
nobody,1
rivalry,1
sell,1
attracts,1
sheath,1
implies,1
jack,1
dress,1
distinction,1
scrambling,1
bedding,1
citizens,1
credits,1
nip,1
proceeds,1
scroll,1
wailings,1
woodpeckers,1
jealousy,1
admonishment,1
inexhaustible,1
spectral,1
pinhead,1
roam,1
darknesses,1
spunk,1
pooh,1
draught,1
flickering,1
valued,1
determine,1
protesting,1
ourn,1
irresponsibility,1
covert,1
uproariously,1
credit,1
brutal,1
prolonged,1
nighttime,1
turntail,1
lied,1
jackrabbits,1
flames,1
stiffleggedness,1
inland,1
jerk,1
drinker,1
sorrows,1
calamity,1
waging,1
crystalline,1
shotguns,1
parsimony,1
ability,1
slapped,1
founded,1
offensive,1
deportment,1
bellied,1
meanwhile,1
volubly,1
hurl,1
genial,1
appetite,1
obtaining,1
strongly,1
examine,1
surmises,1
alternately,1
original,1
rimed,1
interior,1
patch,1
springs,1
mingle,1
concealment,1
lighting,1
counterblow,1
thawed,1
consequent,1
imitated,1
pavement,1
fevered,1
chickenroost,1
indubitably,1
thither,1
county,1
inquiring,1
luckier,1
dismounting,1
baring,1
commingled,1
sinewfighting,1
afeedin,1
calculating,1
whirlwind,1
furiously,1
strayed,1
chaos,1
towns,1
dispassionately,1
bare,1
feathered,1
uproars,1
necka,1
distributed,1
boughs,1
spur,1
disorder,1
volcano,1
extricated,1
invincible,1
instinctthat,1
hearn,1
description,1
puppyishly,1
wolfdog,1
waves,1
simplicities,1
direct,1
variant,1
pityingly,1
redness,1
gamble,1
meathis,1
roostin,1
brighter,1
savoured,1
nudged,1
healed,1
carcases,1
perfectly,1
resurrected,1
instinctof,1
steered,1
sanity,1
vexed,1
dully,1
lend,1
tenderness,1
emerged,1
sanctioned,1
fanfashion,1
deliberate,1
alonea,1
receiving,1
hips,1
trough,1
pitting,1
toilets,1
rooting,1
features,1
uncomforting,1
snare,1
woodpile,1
maltreat,1
markthe,1
province,1
rigidity,1
nook,1
flooding,1
hardly,1
prompt,1
nerveracking,1
skyward,1
baffle,1
wolfone,1
dingdongdanged,1
adamantine,1
loafing,1
push,1
spiritunlike,1
tending,1
logs,1
fraternise,1
gateway,1
examined,1
forfeited,1
dishwashing,1
snore,1
joyousness,1
toy,1
sheep,1
differences,1
selfrespectin,1
adhered,1
trampled,1
climb,1
disinclined,1
yearling,1
cursing,1
elbow,1
disdain,1
hating,1
topmost,1
fringed,1
sanction,1
manman,1
cinnamon,1
peculiarities,1
herded,1
scared,1
suns,1
grandly,1
unto,1
stalk,1
revenged,1
mishaps,1
placid,1
glimpse,1
ninety,1
constitution,1
elevation,1
grounds,1
obscured,1
bugs,1
persistent,1
thrashing,1
discarded,1
plague,1
triply,1
servants,1
tale,1
amity,1
hustled,1
binding,1
insecurely,1
fading,1
delightful,1
junction,1
hitchingpost,1
hungrier,1
wickedly,1
jauntily,1
insulting,1
sleepingplace,1
paper,1
selfvalues,1
guide,1
seconded,1
feelin,1
waking,1
seekers,1
triple,1
vicinity,1
metes,1
littleness,1
revolution,1
fears,1
addicted,1
footprint,1
infinite,1
namely,1
seriously,1
adjustments,1
gasp,1
rubbishheap,1
benumbed,1
scale,1
auspiciously,1
verdict,1
humans,1
dubious,1
mug,1
wooing,1
liberties,1
bedtime,1
interference,1
portions,1
disappearance,1
humour,1
meatsupply,1
demeanour,1
unmoving,1
persistence,1
mint,1
scampering,1
snowfall,1
tolls,1
longings,1
sunshinesuch,1
carelessness,1
mildness,1
foodgetting,1
flattening,1
restlessly,1
influenced,1
sardanapolis,1
captive,1
welcome,1
positiveness,1
doin,1
voicing,1
marauders,1
sage,1
accepting,1
rubbishheaps,1
authority,1
fascinated,1
gossamer,1
relationship,1
baggagecar,1
multiplicity,1
lumber,1
waning,1
coordination,1
valleys,1
foreseeing,1
reflux,1
caged,1
create,1
gouged,1
nameless,1
foolish,1
simplicity,1
judgin,1
spirits,1
leadership,1
mixed,1
postponement,1
thundered,1
higher,1
addressing,1
public,1
compromise,1
feathers,1
heroes,1
complaining,1
iv,1
newly,1
asittin,1
expert,1
greed,1
adone,1
epitomised,1
worn,1
unhappy,1
tempers,1
acknowledging,1
swerve,1
simple,1
finishing,1
vigorous,1
withdrawal,1
bond,1
heaven,1
afterwards,1
outlying,1
grimness,1
visitor,1
ponderous,1
cached,1
smallness,1
picking,1
fade,1
espied,1
disastrously,1
rent,1
pinetree,1
imposed,1
bustle,1
desperateness,1
inferno,1
gate,1
warp,1
challenging,1
twigs,1
sane,1
bidding,1
desirefully,1
loosening,1
swoop,1
causing,1
wickedness,1
assailant,1
downstream,1
term,1
violated,1
fightin,1
ishmaelite,1
advertised,1
pesky,1
golden,1
firearm,1
quarterstrain,1
glowering,1
soundly,1
leeward,1
ditch,1
liability,1
croaking,1
pierced,1
holloweyed,1
ascending,1
revolvers,1
divides,1
dogmatised,1
accent,1
shaven,1
bushs,1
cocking,1
employers,1
untamable,1
pivoted,1
hesitate,1
verge,1
pitiless,1
surroundings,1
deposit,1
attitude,1
vicariously,1
dear,1
support,1
numbers,1
tall,1
brawny,1
removed,1
clipped,1
stayin,1
outcroppings,1
hatched,1
sauntering,1
longdistance,1
roost,1
clearly,1
smartly,1
wealthy,1
chorused,1
scarlet,1
railroading,1
celestial,1
strung,1
butchershops,1
meridian,1
henceforth,1
clip,1
riveted,1
enfeeblement,1
briefest,1
resenting,1
dual,1
western,1
aching,1
sorely,1
malevolently,1
patiently,1
tomorrow,1
blossom,1
defiantly,1
naturally,1
withheld,1
sustain,1
thunder,1
anybody,1
grated,1
woodpecker,1
dogteam,1
impinged,1
evening,1
undergone,1
valises,1
unclassified,1
peaceably,1
upside,1
estimated,1
vent,1
unworthy,1
bolt,1
ubiquitous,1
restrained,1
mell,1
rebuff,1
enjoyment,1
guffaw,1
scornfully,1
ip,1
shove,1
dull,1
boss,1
poison,1
violating,1
welling,1
rosy,1
livingroom,1
feigned,1
pageant,1
retaliate,1
mysteries,1
sleeves,1
devils,1
agonised,1
coughing,1
manywindowed,1
resides,1
familyarity,1
ballprotection,1
dismantled,1
dayand,1
sturdylimbed,1
pal,1
evidenced,1
harkened,1
furprotected,1
axes,1
dexterity,1
star,1
reckoned,1
quickening,1
apprehend,1
clog,1
squalling,1
bandage,1
guessin,1
ideas,1
forgiven,1
yawned,1
moth,1
recede,1
likelihood,1
ship,1
hush,1
dirty,1
consistence,1
drooling,1
hundreds,1
matched,1
fortune,1
defiled,1
portecochere,1
news,1
fascination,1
quizzical,1
bluffs,1
physics,1
measuring,1
haul,1
terrific,1
considering,1
candle,1
exclaiming,1
measurement,1
thickethe,1
aholdin,1
cabins,1
relaxing,1
snowbirds,1
coiled,1
camping,1
plodded,1
circus,1
gauging,1
aloofness,1
objectified,1
procession,1
buzzing,1
shown,1
interpose,1
thoroughbred,1
marble,1
capture,1
undertook,1
unrolling,1
starved,1
stormy,1
impulsions,1
hiyu,1
nervesensations,1
saplings,1
cogitates,1
recurrent,1
automatic,1
sensitively,1
summit,1
indignant,1
appetites,1
stealthy,1
makin,1
churn,1
manes,1
resurrecting,1
king,1
bumped,1
guiltless,1
handiwork,1
eyeteeth,1
selfpreservation,1
beinga,1
outlined,1
impetus,1
finite,1
gala,1
tubes,1
desisting,1
economised,1
suppressing,1
liphp,1
conditions,1
curving,1
awakening,1
suffocation,1
belief,1
piles,1
mainspring,1
equipage,1
disobeyed,1
unfairness,1
drowsy,1
disconcerted,1
fling,1
restrainta,1
slaps,1
gratified,1
lion,1
hereditary,1
discomfiture,1
eyebrows,1
sufferedthe,1
brutes,1
kills,1
ghosts,1
bulls,1
gamea,1
fleshlove,1
path,1
hooting,1
softening,1
cylinder,1
pigments,1
drives,1
nipped,1
whateveryournameis,1
closedrawn,1
cooler,1
fearfully,1
disrupted,1
questioningly,1
businesslike,1
traproof,1
entering,1
intrusion,1
indication,1
steer,1
bales,1
fiery,1
perceptibly,1
unharness,1
afflicted,1
prowling,1
paralysed,1
realise,1
unceremoniously,1
susceptible,1
forbear,1
passionate,1
refrained,1
vibrating,1
convince,1
disregarded,1
propped,1
jowl,1
adoration,1
atalkin,1
worrying,1
desirable,1
merge,1
suicide,1
unhealth,1
rid,1
soothe,1
elations,1
aim,1
tails,1
persecutor,1
pretend,1
bloodties,1
lavish,1
respectfully,1
midnight,1
atmospheres,1
hundredfold,1
handever,1
distinct,1
pursue,1
shield,1
ineffectual,1
nursing,1
occasion,1
commonwealth,1
conclusions,1
lemme,1
absence,1
masques,1
resting,1
moist,1
extremity,1
deadlier,1
retiring,1
potency,1
punishments,1
temerity,1
impregnable,1
timidity,1
tamed,1
grippingplace,1
amusements,1
keystone,1
hoisted,1
retrieve,1
effected,1
scouted,1
marvellous,1
uncharted,1
fifteen,1
tottered,1
guttural,1
avenging,1
arch,1
wanting,1
agreement,1
emptying,1
tone,1
henonly,1
abjectness,1
hunky,1
disported,1
scars,1
insane,1
accounts,1
outcome,1
thigh,1
weariness,1
redwritten,1
remuneration,1
perpetration,1
stiffly,1
foredoomed,1
lacked,1
compensation,1
sneezed,1
occasionally,1
moosehide,1
handed,1
maddened,1
chatter,1
fount,1
tendency,1
tolerated,1
abiding,1
deepporched,1
crackling,1
souls,1
dogsthe,1
guilt,1
combatsnarlings,1
waylaid,1
punished,1
softspoken,1
replenishing,1
tonight,1
wrecked,1
crush,1
inconvenience,1
burrowing,1
deceptive,1
shudder,1
visiting,1
relish,1
shy,1
confidently,1
wolfmother,1
tear,1
legsa,1
diagonally,1
steadiness,1
chemically,1
contrast,1
groaned,1
repeatedwith,1
hurtfulness,1
shoving,1
drawled,1
matters,1
slats,1
funerals,1
luncheon,1
peculiarity,1
customs,1
depended,1
abysmal,1
crackerjack,1
unconsciously,1
munched,1
stalks,1
wolfcircle,1
swarming,1
baking,1
postscript,1
seldom,1
catastrophe,1
closerso,1
fastestfooted,1
reigned,1
useless,1
unnerved,1
womans,1
staidness,1
huskies,1
infringed,1
bleedin,1
dazzled,1
glade,1
indirection,1
rimice,1
vantage,1
tearingstrokes,1
ceasing,1
manreared,1
regain,1
disobediently,1
imperative,1
selected,1
pall,1
crestfallen,1
worthy,1
cleared,1
sody,1
rockingchair,1
complicated,1
fishracks,1
happier,1
author,1
holster,1
treeshadow,1
deathstruggle,1
uncover,1
immediateness,1
proud,1
unceasing,1
attachment,1
tactics,1
displaying,1
allayed,1
confinement,1
dogll,1
roundly,1
compass,1
samehes,1
swaying,1
classifying,1
oncethe,1
significantly,1
angel,1
swimming,1
offenders,1
easier,1
bgosh,1
decks,1
fanned,1
pang,1
clasped,1
acclaim,1
delicacy,1
school,1
explosion,1
homesick,1
antithesis,1
sniffs,1
bristly,1
wellaimed,1
grieved,1
flamed,1
bodya,1
chill,1
spark,1
het,1
divined,1
misty,1
flush,1
trickery,1
fizzle,1
contrived,1
comprehension,1
wed,1
indirect,1
minutetwo,1
wagged,1
dissatisfaction,1
thenceforth,1
easements,1
axioms,1
animalsthe,1
riding,1
flag,1
stratagems,1
twisting,1
morrow,1
luring,1
sparse,1
perilswaggons,1
plead,1
monsters,1
unbeautiful,1
pest,1
preceded,1
oughter,1
bold,1
redoubtable,1
manners,1
pulseless,1
outlook,1
kicking,1
demand,1
remark,1
runways,1
doubled,1
ignorant,1
plight,1
suggested,1
achievement,1
praised,1
stumble,1
transformation,1
lapsed,1
hardthere,1
disconcerting,1
subjects,1
selfcontrol,1
emptiness,1
cavealso,1
sleepin,1
frisk,1
foes,1
shone,1
recognising,1
dominion,1
mechanically,1
onehalf,1
toboggans,1
conveyed,1
unstable,1
mistakin,1
minor,1
trails,1
bushwhack,1
arched,1
twig,1
petulantly,1
grim,1
relations,1
soundsfaint,1
flanked,1
seeking,1
emptied,1
scents,1
condoning,1
varied,1
beautifully,1
girls,1
coin,1
incited,1
moneys,1
altars,1
simply,1
blocked,1
mourner,1
reeling,1
flank,1
carelessly,1
penalise,1
frightful,1
notched,1
descriptions,1
stairway,1
prognathous,1
comforted,1
information,1
trade,1
fired,1
consciously,1
snowpiled,1
attain,1
flutter,1
reminding,1
essence,1
desisted,1
gustatory,1
fullbodied,1
previously,1
plodding,1
willing,1
shortening,1
disobedience,1
unison,1
cope,1
fryingpan,1
achieves,1
loosen,1
mercy,1
bane,1
window,1
expulsion,1
tribespeople,1
shapes,1
straighten,1
clumped,1
conspicuously,1
skeletons,1
fate,1
acute,1
manifesting,1
condescended,1
retained,1
muddy,1
crossbars,1
overtook,1
butted,1
reversed,1
paddled,1
himrising,1
hazards,1
rearranged,1
lovegod,1
sarcastically,1
scorn,1
dishes,1
hearin,1
repast,1
overlords,1
accentuated,1
fiend,1
tensely,1
despatch,1
wolffather,1
roads,1
glassy,1
injury,1
irretrievably,1
disposed,1
wear,1
non,1
followin,1
snickered,1
dogworld,1
goes,1
confused,1
decorous,1
separated,1
tangled,1
lope,1
interpreted,1
vapours,1
baffling,1
chop,1
wasnt,1
nape,1
worldeven,1
corners,1
incurring,1
wastage,1
footsteps,1
mourned,1
kindnesssomething,1
apologetic,1
halfanhour,1
fifteentwo,1
dilated,1
reaching,1
sunburnt,1
ptarmiganmother,1
voracious,1
overt,1
pledged,1
mounting,1
maintained,1
ignominiously,1
warnings,1
punctiliously,1
alleys,1
advice,1
lift,1
matching,1
damming,1
abreast,1
gratifying,1
labrador,1
questioner,1
curve,1
flitted,1
fortyodd,1
incomprehensibly,1
mastiffs,1
widely,1
guardsa,1
chunk,1
proceeding,1
disbelief,1
dislikes,1
burgeoning,1
shared,1
dumfounded,1
kiyi,1
insidiously,1
rake,1
midafternoon,1
concrete,1
intervening,1
twist,1
surcharged,1
lovers,1
inedible,1
righteous,1
preference,1
meekness,1
appreciated,1
undershirt,1
mustnt,1
forbade,1
stake,1
classifiable,1
intimacy,1
limits,1
transgression,1
innocent,1
earlier,1
greedy,1
onrushing,1
relief,1
denyin,1
hugely,1
curiousness,1
turkeys,1
sadnessa,1
experiment,1
expressionremarkable,1
fooling,1
cowering,1
internal,1
apace,1
ghostly,1
sympathised,1
overhauling,1
chickenkilling,1
xrayanything,1
pounce,1
shirt,1
meditated,1
famished,1
miser,1
injuries,1
tutelage,1
motive,1
tellin,1
jerky,1
ounce,1
duration,1
secretly,1
mansmell,1
windblown,1
infallibility,1
report,1
torments,1
impudently,1
centrepin,1
restraint,1
naming,1
parcel,1
winds,1
concurred,1
policy,1
mattas,1
undemonstrative,1
nap,1
experts,1
investigating,1
breathin,1
cheapen,1
spoil,1
damaged,1
mishap,1
farthest,1
bony,1
glints,1
sheered,1
induce,1
sharptoothed,1
widening,1
wolffashion,1
cribbagethats,1
inoffensive,1
brewing,1
besetting,1
downright,1
yardlong,1
clawing,1
exceptions,1
strain,1
impatiently,1
strangled,1
shrilly,1
afforded,1
flatten,1
confronted,1
straightaway,1
affirmed,1
whines,1
pile,1
mount,1
imparting,1
error,1
knowingbut,1
shrillness,1
submissively,1
arching,1
fiercer,1
withholding,1
irritating,1
stunning,1
clenched,1
decoy,1
thou,1
shet,1
selfseclusion,1
warmcoloured,1
trailless,1
sets,1
stirring,1
unlacing,1
depart,1
staple,1
resolutely,1
realising,1
driver,1
deserting,1
vicious,1
halt,1
helplessly,1
intrepidity,1
tolerates,1
cows,1
spasm,1
fearthat,1
deado,1
intents,1
owned,1
wedging,1
teetered,1
manifest,1
pondered,1
crevices,1
throes,1
creek,1
drying,1
advertisement,1
important,1
subsequent,1
bleeds,1
temporarily,1
individuality,1
wraiths,1
group,1
contended,1
mould,1
sweet,1
drowsed,1
synonymous,1
gutsewn,1
moosemeat,1
halls,1
stubborn,1
dayold,1
neared,1
endeavour,1
scuffling,1
impressing,1
baggage,1
incredibly,1
managing,1
rewarding,1
evolved,1
dance,1
efficacy,1
bay,1
population,1
objurgation,1
smart,1
jungle,1
breakup,1
harshness,1
hertoo,1
papoose,1
parted,1
ah,1
membranes,1
companions,1
foreststretches,1
illusion,1
dash,1
massfight,1
fightat,1
cutoffs,1
needlelike,1
omit,1
conflicting,1
chickenkiller,1
tendered,1
sorts,1
image,1
ripe,1
coward,1
dissipated,1
footstep,1
iii,1
darken,1
curling,1
vital,1
loudstepping,1
creaking,1
deter,1
spectators,1
solicitous,1
admonished,1
rules,1
irritations,1
dripped,1
compulsion,1
ranchers,1
unalterable,1
incorporated,1
volition,1
keenly,1
cheek,1
insatiable,1
tottering,1
coyness,1
nourished,1
fusillade,1
rangin,1
pinches,1
trust,1
equity,1
oaks,1
lump,1
diagnosis,1
antagonist,1
vanishing,1
discouraged,1
breeding,1
bases,1
strikingly,1
reshaping,1
ilk,1
jumped,1
sidling,1
occult,1
starving,1
pincushion,1
walla,1
interruption,1
informed,1
rests,1
pottage,1
cough,1
drooled,1
bundles,1
crescent,1
hither,1
carpeted,1
favouring,1
frozenhearted,1
tickling,1
relax,1
guy,1
banks,1
firebrands,1
efficient,1
moosebirds,1
imprints,1
outweighed,1
muddyyellow,1
toning,1
firemakers,1
impinging,1
claimants,1
sharpmuzzled,1
forsaken,1
wilting,1
predatory,1
optic,1
maturity,1
cariboo,1
cuttingup,1
fiends,1
slink,1
college,1
rampant,1
neckthe,1
alfred,1
whiteskinned,1
uttering,1
toppling,1
guise,1
sin,1
veritable,1
resist,1
decree,1
onthe,1
variegated,1
wreckage,1
signal,1
tuckered,1
clever,1
campoutfit,1
lovecroon,1
evilly,1
despise,1
abroad,1
fluid,1
sleddiscipline,1
babbling,1
erased,1
flourished,1
visible,1
languished,1
wants,1
distribution,1
countercirclings,1
hectoring,1
moccasined,1
maundered,1
conquered,1
amused,1
depths,1
feebly,1
compromised,1
insistently,1
wooden,1
roughhouses,1
forcing,1
emanations,1
subdued,1
suit,1
expanded,1
tassels,1
eked,1
saluted,1
blindness,1
extension,1
strap,1
faggots,1
philosophically,1
riders,1
sample,1
pressingly,1
vials,1
accession,1
sharpfanged,1
handled,1
hoof,1
fondling,1
hoarsely,1
requiring,1
triumphant,1
bout,1
harmless,1
file,1
bespoke,1
responsibilities,1
halfsomersault,1
wager,1
valour,1
lashings,1
mirthless,1
confines,1
upstanding,1
innocently,1
controlling,1
rangy,1
profits,1
lynxespecially,1
blew,1
profit,1
wasting,1
rawhide,1
sprouting,1
forded,1
attained,1
wandered,1
comprehendingly,1
pocketbook,1
ascent,1
quandary,1
devote,1
flannel,1
whisky,1
wabisca,1
slower,1
sink,1
neighbouring,1
snoring,1
puzzle,1
accomplishment,1
befall,1
flashes,1
tightrolled,1
goldhunters,1
housedog,1
suitors,1
hateful,1
serrulated,1
reserves,1
lamplight,1
collapse,1
throughout,1
showering,1
wincing,1
results,1
hellan,1
sharpness,1
accounting,1
bells,1
pleasuring,1
clogged,1
disappointed,1
staid,1
thrusts,1
legacy,1
fervent,1
barrier,1
pendulum,1
jubilant,1
midmost,1
skinlodges,1
wolfpair,1
loaded,1
surround,1
consent,1
inert,1
gladness,1
communicate,1
sweetnesses,1
staggering,1
bitterness,1
watershed,1
lifeless,1
suggestions,1
mauling,1
cartridgesd,1
explorer,1
proportions,1
spurts,1
simpler,1
reception,1
observation,1
morosely,1
sledteam,1
mimic,1
tornadomade,1
endorsement,1
defeated,1
tenure,1
sanguinary,1
violation,1
peculiarly,1
obstacles,1
overguessed,1
methodsomething,1
stupendous,1
deaf,1
squabbles,1
optimistic,1
fomenter,1
bursts,1
erratic,1
expressin,1
sledblankets,1
lights,1
unpractised,1
delay,1
tremor,1
thrill,1
speculative,1
knotty,1
inverted,1
sullenly,1
largely,1
shrug,1
leaderexcept,1
whence,1
upland,1
blistering,1
breeds,1
sunless,1
objectsan,1
fifteenfour,1
recrudescence,1
mauled,1
secrets,1
starvation,1
digging,1
honourable,1
lifestuff,1
eaters,1
malignancy,1
sympathetic,1
perfect,1
touching,1
abasement,1
unpardonable,1
stubbornly,1
properly,1
fearlessness,1
campsmoke,1
scurried,1
residence,1
awed,1
dearest,1
tying,1
grunts,1
inward,1
seems,1
intonations,1
tawny,1
disagreeable,1
mounted,1
kiyis,1
pulsated,1
angered,1
resilience,1
inconceivable,1
slowwitted,1
plain,1
extra,1
rattle,1
energies,1
surrender,1
teased,1
mushice,1
dispose,1
buzzed,1
executing,1
instances,1
sufficiently,1
eddy,1
adduced,1
fix,1
ancestor,1
repelled,1
tide,1
ostentatious,1
dense,1
commensurate,1
specially,1
domains,1
precisely,1
arrogance,1
dashed,1
thrilled,1
inability,1
shrieking,1
wolfcoat,1
wickeder,1
trainer,1
frogs,1
tokens,1
halfbrothers,1
brightness,1
sadcries,1
accurate,1
disgust,1
advertise,1
extracted,1
howled,1
glaring,1
arrested,1
bade,1
pointedly,1
alighting,1
doors,1
stripped,1
contentedly,1
latitude,1
exaltations,1
hunch,1
nailformation,1
wildthe,1
site,1
introduction,1
forgetful,1
opposed,1
bloodsoaked,1
directness,1
partook,1
desirous,1
projectile,1
sway,1
disturb,1
incomprehensible,1
velvetfooted,1
suitable,1
joyfully,1
wiped,1
hardest,1
adding,1
lined,1
expedient,1
remunerations,1
savagery,1
darn,1
barbedwire,1
wearily,1
coatsleeve,1
judges,1
skeleton,1
unconscious,1
rank,1
struttings,1
reasons,1
verification,1
chin,1
bearing,1
circuitous,1
burying,1
subconsciously,1
foray,1
piled,1
helping,1
gurgle,1
unlovable,1
brethren,1
range,1
dinned,1
malignity,1
unescapable,1
unguarded,1
kindliness,1
pinned,1
recovering,1
farmbred,1
motherptarmigan,1
spurned,1
commit,1
operated,1
mating,1
fitful,1
swindled,1
potential,1
gambolled,1
logic,1
clothes,1
uprearing,1
waddled,1
wrench,1
secrecythat,1
romped,1
receipt,1
darts,1
cavewall,1
choice,1
fiercenessthe,1
sealed,1
censured,1
spumes,1
bickered,1
faculties,1
denizens,1
harry,1
aready,1
drunken,1
illused,1
greased,1
resulting,1
ceremony,1
terriblefor,1
rifles,1
averse,1
snaresa,1
packcruelty,1
antagonists,1
proposition,1
footed,1
showered,1
childgod,1
qualifying,1
remoteness,1
deepdrawn,1
board,1
craftier,1
jingle,1
placation,1
dozing,1
chart,1
dig,1
judged,1
dimming,1
hooted,1
behave,1
crust,1
invidious,1
departure,1
birch,1
stretch,1
chew,1
outgrown,1
comings,1
brood,1
hip,1
hints,1
crumbling,1
turns,1
thema,1
clubhand,1
abysses,1
accumulated,1
frighten,1
illmade,1
emotions,1
scanned,1
apprehended,1
midsummer,1
eluded,1
starts,1
deerhound,1
growls,1
waylaying,1
anatomy,1
grape,1
ride,1
instance,1
breeze,1
rushes,1
established,1
enduring,1
screech,1
censure,1
founts,1
habit,1
scolding,1
imperceptible,1
effusively,1
predestined,1
failure,1
pecks,1
crackled,1
noticing,1
dispelled,1
uniformly,1
wabam,1
blinded,1
landing,1
fearlessly,1
surrounding,1
raining,1
floating,1
consider,1
justifiable,1
frenzied,1
ringing,1
eh,1
mockery,1
captured,1
farodealers,1
mischiefmaker,1
radiant,1
vicelike,1
consternation,1
currents,1
goodness,1
freezes,1
frequency,1
possibilities,1
lightnin,1
cavedoor,1
deciding,1
sloped,1
besieged,1
bowlegged,1
executed,1
miss,1
elevating,1
closing,1
leghorn,1
eased,1
earththats,1
attributes,1
mortgage,1
lifehis,1
handsome,1
conflict,1
reflection,1
straightening,1
hemmed,1
skins,1
erred,1
joyously,1
certainty,1
carry,1
tug,1
materialistic,1
coma,1
sundry,1
immensely,1
reprisals,1
party,1
handclapping,1
musclesso,1
thunderbolts,1
righteously,1
lovemasters,1
unremitting,1
bruises,1
pierce,1
fields,1
cluster,1
efficacious,1
investigate,1
conscience,1
destiny,1
gnawingreach,1
blasphemy,1
aversion,1
gluttony,1
watchful,1
exposing,1
commissioners,1
drudgery,1
quested,1
click,1
muffled,1
awaiting,1
south,1
sextragedy,1
sourdough,1
brace,1
exercise,1
hopped,1
cottontails,1
bakingpowder,1
willynilly,1
camplife,1
relieved,1
sideflick,1
blissful,1
lovetale,1
edged,1
madekilling,1
buds,1
irate,1
awkwardness,1
cityan,1
vibrations,1
womangods,1
treesquirrel,1
related,1
hire,1
slowed,1
clamber,1
confidentially,1
convictions,1
flick,1
yield,1
squalled,1
scorching,1
scamper,1
furtive,1
obeying,1
enticingly,1
rejoinder,1
boundless,1
bequeathed,1
cringed,1
sledlashings,1
menaced,1
subtler,1
shielded,1
deathcry,1
beasta,1
measurements,1
highest,1
drowned,1
hollows,1
lofty,1
sacrilegious,1
dyinganother,1
sensations,1
greediness,1
audible,1
abyss,1
whimperings,1
crueller,1
rash,1
tomb,1
kin,1
loved,1
vivid,1
halfdozen,1
howd,1
humility,1
tolerance,1
misused,1
distant,1
interposed,1
treetrunk,1
dripping,1
pebbles,1
gradual,1
nearby,1
onward,1
hidingplace,1
depositing,1
godforsaken,1
itll,1
bottoma,1
warmer,1
lightened,1
lust,1
warring,1
flinching,1
notches,1
warden,1
godsnot,1
energy,1
packpersecution,1
successfully,1
horns,1
unobserved,1
veering,1
ingratiatingly,1
goal,1
hayfields,1
outdistancing,1
godsthe,1
beg,1
himand,1
lambasted,1
underwashed,1
momentary,1
precipitous,1
lookout,1
sniffling,1
whitefang,1
grovelling,1
defy,1
mosquitoes,1
explain,1
earned,1
scuttled,1
unhitched,1
asserting,1
fidelity,1
sex,1
warred,1
wilder,1
croon,1
slumsoft,1
swinging,1
debated,1
partaking,1
mingled,1
pullin,1
peremptory,1
indubitable,1
restriction,1
twelve,1
wuth,1
stiffening,1
hide,1
reversing,1
immeasurable,1
hurtful,1
appraise,1
unyielding,1
overa,1
safest,1
correspondences,1
railing,1
growlthe,1
lawns,1
oath,1
clouds,1
created,1
calculated,1
construction,1
manthe,1
youyou,1
pastures,1
brightly,1
hysterically,1
reiterated,1
improved,1
doubly,1
ptarmigans,1
application,1
tendrils,1
named,1
focusing,1
viciousness,1
prevail,1
lowroofed,1
halfsobbing,1
miseries,1
storms,1
pleasures,1
backbones,1
originally,1
withdraw,1
sturdily,1
thighs,1
spluttering,1
throatstroke,1
foul,1
emitting,1
resulted,1
undertakers,1
sacrilege,1
agoin,1
comin,1
meritorious,1
stockin,1
flurry,1
ducking,1
deft,1
dictum,1
glare,1
jostled,1
signifying,1
inarticulate,1
strife,1
praiseworthy,1
disgrace,1
rate,1
nearness,1
raided,1
flocks,1
leafage,1
sweep,1
timid,1
cover,1
glinted,1
immoral,1
rotten,1
mantrace,1
rebuke,1
blanket,1
officials,1
coy,1
inheritance,1
unharmed,1
odds,1
packs,1
headed,1
heartbroken,1
vehemence,1
nailed,1
tiptop,1
latters,1
mine,1
skinfold,1
wilt,1
meditatively,1
combatants,1
quickgrowing,1
hitherto,1
letter,1
straightjackets,1
education,1
uncompromisingly,1
singlepurposed,1
possessive,1
weakkneed,1
viciously,1
nursed,1
shivering,1
consisted,1
freak,1
mouthfuls,1
memorypictures,1
pulpy,1
beginnin,1
classified,1
unbearable,1
located,1
ineradicably,1
jugular,1
awful,1
trickles,1
lowered,1
sheepfolds,1
stolidly,1
meateaters,1
foolishly,1
precarious,1
prodding,1
raa,1
anywhere,1
timber,1
antlers,1
rich,1
london,1
wolfgrey,1
despaired,1
significance,1
proffering,1
slim,1
dogchain,1
keys,1
unsubdued,1
uppermost,1
racket,1
recoiling,1
petrified,1
conceal,1
policeman,1
despoiled,1
militant,1
regaining,1
thinks,1
goo,1
outskirts,1
porcupines,1
molest,1
height,1
claybank,1
chechaquos,1
dizzily,1
knowed,1
wildwood,1
devilry,1
rain,1
enjoying,1
snuggled,1
ambition,1
mistrust,1
tyrant,1
forefront,1
clumps,1
artic,1
stimulant,1
maul,1
ignominious,1
eternity,1
skim,1
abashed,1
onslaught,1
bandaged,1
unwitting,1
dam,1
pitches,1
finest,1
gleefully,1
gibbered,1
deserves,1
primeval,1
wondered,1
fathered,1
remoter,1
willingly,1
flaming,1
forerunner,1
generalisations,1
unexpectedness,1
explained,1
toboggan,1
cinnamoncoloured,1
surges,1
miniature,1
worduntroublesome,1
bushwhacking,1
conception,1
rigidly,1
slowness,1
guards,1
himrubbing,1
vine,1
inspecting,1
chuckle,1
justifying,1
